targetid,ordernumber,organism,species,genotype,tissue,aliastargetname,primersname,extractplatebarcode,extractplatewell,targetplatebarcode,targetplatewell,label,comment,barcode9l,barcode,extractid,tagcounttotal,tagcountunique,overrepcount,overreppct,targetquality,flowcellbarcode,flowcelllane
2118357,DAgro20-5209,Agrotis,-,"Mt Loch Oct sample 1",muscle,P_ad_hp,EBPCR1+HpaII,E/colleen/20-4-20/001,A1,T/faisal/23-4-20/009,A1,,,GATAGTGGCTATGCA,GATAGTGGCTA,1465087,1359994,225832,40,1.98,good,CE0K2ANXX,2
2118358,DAgro20-5209,Agrotis,-,"Mt Loch Oct sample 2",muscle,P_ad_hp,EBPCR1+HpaII,E/colleen/20-4-20/001,B1,T/faisal/23-4-20/009,B1,,,TGTCACTGGCTTGCA,TGTCACTGGCT,1465088,1345989,227423,44,1.97,good,CE0K2ANXX,2
2118359,DAgro20-5209,Agrotis,-,"Mt Loch Oct sample 3",muscle,P_ad_hp,EBPCR1+HpaII,E/colleen/20-4-20/001,C1,T/faisal/23-4-20/009,C1,,,GCCACAAGAGTTGCA,GCCACAAGAGT,1465089,1361265,227781,45,1.88,good,CE0K2ANXX,2
2118360,DAgro20-5209,Agrotis,-,"Mt Loch Oct sample 4",muscle,P_ad_hp,EBPCR1+HpaII,E/colleen/20-4-20/001,D1,T/faisal/23-4-20/009,D1,,,AGACACCAGTTGCAG,AGACACCAGT,1465090,1372638,232517,39,1.43,good,CE0K2ANXX,2
2118361,DAgro20-5209,Agrotis,-,"Mt Loch Oct sample 5",muscle,P_ad_hp,EBPCR1+HpaII,E/colleen/20-4-20/001,E1,T/faisal/23-4-20/009,E1,,,AGTGAGCAAGCGTGC,AGTGAGCAAGCG,1465091,1320289,223557,42,1.75,good,CE0K2ANXX,2
2118362,DAgro20-5209,Agrotis,-,"Mt Loch Oct sample 6",muscle,P_ad_hp,EBPCR1+HpaII,E/colleen/20-4-20/001,F1,T/faisal/23-4-20/009,F1,,,GTTGTTACGTGAGTG,GTTGTTACGTGAG,1465092,1319566,228957,44,1.79,good,CE0K2ANXX,2
2118363,DAgro20-5209,Agrotis,-,"Mt Loch Oct sample 7",muscle,P_ad_hp,EBPCR1+HpaII,E/colleen/20-4-20/001,G1,T/faisal/23-4-20/009,G1,,,TTCACGTCTGTGCAG,TTCACGTCTG,1465093,1270801,216986,39,2.11,good,CE0K2ANXX,2
2118364,DAgro20-5209,Agrotis,-,"Mt Loch Oct sample 8",muscle,P_ad_hp,EBPCR1+HpaII,E/colleen/20-4-20/001,H1,T/faisal/23-4-20/009,H1,,,TTGAGTCTCTGTGCA,TTGAGTCTCTG,1465094,1353211,230491,39,1.76,good,CE0K2ANXX,2
2118365,DAgro20-5209,Agrotis,-,"Mt Loch Oct technical rep 1 leg 1",muscle,P_ad_hp,EBPCR1+HpaII,E/colleen/20-4-20/001,A2,T/faisal/23-4-20/009,A2,,,GTTGCTTGGACGAAT,GTTGCTTGGACGAA,1465095,1376639,231220,46,1.72,good,CE0K2ANXX,2
2118366,DAgro20-5209,Agrotis,-,"Mt Loch Oct sample 9",muscle,P_ad_hp,EBPCR1+HpaII,E/colleen/20-4-20/001,B2,T/faisal/23-4-20/009,B2,,,TCAATAAGTGTAGTG,TCAATAAGTGTAG,1465096,1384574,233711,40,1.92,good,CE0K2ANXX,2
2118367,DAgro20-5209,Agrotis,-,"Mt Loch Oct sample 10",muscle,P_ad_hp,EBPCR1+HpaII,E/colleen/20-4-20/001,C2,T/faisal/23-4-20/009,C2,,,GTAGTCGGATGTGCA,GTAGTCGGATG,1465097,1318462,222831,41,2.12,good,CE0K2ANXX,2
2118368,DAgro20-5209,Agrotis,-,"Mt Loch Oct sample 11",muscle,P_ad_hp,EBPCR1+HpaII,E/colleen/20-4-20/001,D2,T/faisal/23-4-20/009,D2,,,CCGAACTTCATGCAG,CCGAACTTCA,1465098,1432316,234746,38,1.81,good,CE0K2ANXX,2
2118369,DAgro20-5209,Agrotis,-,"Mt Loch Oct sample 12",muscle,P_ad_hp,EBPCR1+HpaII,E/colleen/20-4-20/001,E2,T/faisal/23-4-20/009,E2,,,AGACGATACAGTGCA,AGACGATACAG,1465099,1314260,227058,41,1.95,good,CE0K2ANXX,2
2118370,DAgro20-5209,Agrotis,-,"Mt McKay 29th Nov 1",muscle,P_ad_hp,EBPCR1+HpaII,E/colleen/20-4-20/001,F2,T/faisal/23-4-20/009,F2,,,AAGTGCACCATATGC,AAGTGCACCATA,1465100,1387652,240549,43,1.94,good,CE0K2ANXX,2
2118371,DAgro20-5209,Agrotis,-,"Mt McKay 29th Nov 2",muscle,P_ad_hp,EBPCR1+HpaII,E/colleen/20-4-20/001,G2,T/faisal/23-4-20/009,G2,,,GCGGTATGTTATGCA,GCGGTATGTTA,1465101,1316590,218618,42,1.57,good,CE0K2ANXX,2
2118372,DAgro20-5209,Agrotis,-,"Mt McKay 29th Nov 3",muscle,P_ad_hp,EBPCR1+HpaII,E/colleen/20-4-20/001,H2,T/faisal/23-4-20/009,H2,,,TCTGATGATCGCGTG,TCTGATGATCGCG,1465102,1371684,232610,38,2.14,good,CE0K2ANXX,2
2118373,DAgro20-5209,Agrotis,-,"Mt McKay 29th Nov 4",muscle,P_ad_hp,EBPCR1+HpaII,E/colleen/20-4-20/001,A3,T/faisal/23-4-20/009,A3,,,GTGGAACTACTCCAT,GTGGAACTACTCCA,1465103,1400365,242103,42,1.84,good,CE0K2ANXX,2
2118374,DAgro20-5209,Agrotis,-,"Mt McKay 29th Nov 5",muscle,P_ad_hp,EBPCR1+HpaII,E/colleen/20-4-20/001,B3,T/faisal/23-4-20/009,B3,,,ACCGTAACTATTGCA,ACCGTAACTAT,1465104,1372056,227613,47,1.84,good,CE0K2ANXX,2
2118375,DAgro20-5209,Agrotis,-,"Mt McKay 29th Nov 6",muscle,P_ad_hp,EBPCR1+HpaII,E/colleen/20-4-20/001,C3,T/faisal/23-4-20/009,C3,,,CAAGATTGAGCGATG,CAAGATTGAGCGA,1465105,1408868,233874,45,1.79,good,CE0K2ANXX,2
2118376,DAgro20-5209,Agrotis,-,"Mt McKay 29th Nov 7",muscle,P_ad_hp,EBPCR1+HpaII,E/colleen/20-4-20/001,D3,T/faisal/23-4-20/009,D3,,,GATTCCGAACGTGCA,GATTCCGAACG,1465106,1326943,232493,41,1.78,good,CE0K2ANXX,2
2118377,DAgro20-5209,Agrotis,-,"Mt McKay 29th Nov 8",muscle,P_ad_hp,EBPCR1+HpaII,E/colleen/20-4-20/001,E3,T/faisal/23-4-20/009,E3,,,TGATGCGAGTTGCAG,TGATGCGAGT,1465107,1369247,231760,41,1.91,good,CE0K2ANXX,2
2118378,DAgro20-5209,Agrotis,-,"Mt McKay 29th Nov 9",muscle,P_ad_hp,EBPCR1+HpaII,E/colleen/20-4-20/001,F3,T/faisal/23-4-20/009,F3,,,ACCATAGTGTGCAAT,ACCATAGTGTGCAA,1465108,1404216,230023,49,2.22,good,CE0K2ANXX,2
2118379,DAgro20-5209,Agrotis,-,"Mt McKay 29th Nov 10",muscle,P_ad_hp,EBPCR1+HpaII,E/colleen/20-4-20/001,G3,T/faisal/23-4-20/009,G3,,,ACGTCGCTCTGGATG,ACGTCGCTCTGGA,1465109,1343555,225274,41,1.94,good,CE0K2ANXX,2
2118380,DAgro20-5209,Agrotis,-,"Mt McKay 29th Nov 11",muscle,P_ad_hp,EBPCR1+HpaII,E/colleen/20-4-20/001,H3,T/faisal/23-4-20/009,H3,,,TGAAGGAGCAGTGCA,TGAAGGAGCAG,1465110,1332009,225433,47,1.92,good,CE0K2ANXX,2
2118381,DAgro20-5209,Agrotis,-,"Mt McKay 29th Nov 12",muscle,P_ad_hp,EBPCR1+HpaII,E/colleen/20-4-20/001,A4,T/faisal/23-4-20/009,A4,,,TTGAGTCGGTTGCAG,TTGAGTCGGT,1465111,1339952,241655,39,1.94,good,CE0K2ANXX,2
2118382,DAgro20-5209,Agrotis,-,"Sale 1",muscle,P_ad_hp,EBPCR1+HpaII,E/colleen/20-4-20/001,B4,T/faisal/23-4-20/009,B4,,,CTAATGGTATGCCTT,CTAATGGTATGCCT,1465112,1402480,239817,41,1.74,good,CE0K2ANXX,2
2118383,DAgro20-5209,Agrotis,-,"Shipwreck Creek 1",muscle,P_ad_hp,EBPCR1+HpaII,E/colleen/20-4-20/001,C4,T/faisal/23-4-20/009,C4,,,TTGAATAGAATGCAG,TTGAATAGAA,1465113,1343807,223940,40,1.61,good,CE0K2ANXX,2
2118384,DAgro20-5209,Agrotis,-,"Buffalo Catani 1",muscle,P_ad_hp,EBPCR1+HpaII,E/colleen/20-4-20/001,D4,T/faisal/23-4-20/009,D4,,,ATCCGATTGCGTATG,ATCCGATTGCGTA,1465114,1398025,232745,44,2.62,good,CE0K2ANXX,2
2118385,DAgro20-5209,Agrotis,-,"Buffalo Catani 2",muscle,P_ad_hp,EBPCR1+HpaII,E/colleen/20-4-20/001,E4,T/faisal/23-4-20/009,E4,,,ACAAGACTGGTTGCA,ACAAGACTGGT,1465115,1386778,237507,41,1.87,good,CE0K2ANXX,2
2118386,DAgro20-5209,Agrotis,-,"Buffalo Catani 3",muscle,P_ad_hp,EBPCR1+HpaII,E/colleen/20-4-20/001,F4,T/faisal/23-4-20/009,F4,,,TACTATTGACAGGAT,TACTATTGACAGGA,1465116,1447067,235662,44,2.45,good,CE0K2ANXX,2
2118387,DAgro20-5209,Agrotis,-,"Grampians Mt Thackeray 1",muscle,P_ad_hp,EBPCR1+HpaII,E/colleen/20-4-20/001,G4,T/faisal/23-4-20/009,G4,,,AGAGCATGGCTTGCA,AGAGCATGGCT,1465117,1211074,211355,42,2.06,good,CE0K2ANXX,2
2118388,DAgro20-5209,Agrotis,-,"Wilsons Prom 1",muscle,P_ad_hp,EBPCR1+HpaII,E/colleen/20-4-20/001,H4,T/faisal/23-4-20/009,H4,,,TTGAGCAAGAATATG,TTGAGCAAGAATA,1465118,1336434,223207,43,2.10,good,CE0K2ANXX,2
2118389,DAgro20-5209,Agrotis,-,"Wilsons Prom 2",muscle,P_ad_hp,EBPCR1+HpaII,E/colleen/20-4-20/001,A5,T/faisal/23-4-20/009,A5,,,ATAACGTGTAAGATG,ATAACGTGTAAGA,1465119,1409687,245528,42,2.70,good,CE0K2ANXX,2
2118390,DAgro20-5209,Agrotis,-,"Wilsons Prom 3",muscle,P_ad_hp,EBPCR1+HpaII,E/colleen/20-4-20/001,B5,T/faisal/23-4-20/009,B5,,,TCTCGCGGTTGTGCA,TCTCGCGGTTG,1465120,1356391,227960,40,1.81,good,CE0K2ANXX,2
2118391,DAgro20-5209,Agrotis,-,"Wilsons Prom 4",muscle,P_ad_hp,EBPCR1+HpaII,E/colleen/20-4-20/001,C5,T/faisal/23-4-20/009,C5,,,CCGTCCGCCAAGATT,CCGTCCGCCAAGAT,1465121,1327491,235624,40,1.76,good,CE0K2ANXX,2
2118392,DAgro20-5209,Agrotis,-,"Wilsons Prom 5 species not confirmed",muscle,P_ad_hp,EBPCR1+HpaII,E/colleen/20-4-20/001,D5,T/faisal/23-4-20/009,D5,,,GAAGGTATGTCCATT,GAAGGTATGTCCAT,1465122,1436687,240983,46,1.82,good,CE0K2ANXX,2
2118393,DAgro20-5209,Agrotis,-,"Charlotte Pass Mt Stillwell 1 dark",muscle,P_ad_hp,EBPCR1+HpaII,E/colleen/20-4-20/001,E5,T/faisal/23-4-20/009,E5,,,ATTCTCCTGCTGGTG,ATTCTCCTGCTGG,1465123,1421470,245064,43,1.96,good,CE0K2ANXX,2
2118394,DAgro20-5209,Agrotis,-,"Charlotte Pass Mt Stillwell 2 dark",muscle,P_ad_hp,EBPCR1+HpaII,E/colleen/20-4-20/001,F5,T/faisal/23-4-20/009,F5,,,ATATTCCAAGCGTTG,ATATTCCAAGCGT,1465124,1410393,239184,46,1.65,good,CE0K2ANXX,2
2118395,DAgro20-5209,Agrotis,-,"Charlotte Pass Mt Stillwell 3 dark",muscle,P_ad_hp,EBPCR1+HpaII,E/colleen/20-4-20/001,G5,T/faisal/23-4-20/009,G5,,,CTCACTATAACTTGC,CTCACTATAACT,1465125,1318363,226903,40,1.72,good,CE0K2ANXX,2
2118396,DAgro20-5209,Agrotis,-,"Charlotte Pass Mt Stillwell 4 dark",muscle,P_ad_hp,EBPCR1+HpaII,E/colleen/20-4-20/001,H5,T/faisal/23-4-20/009,H5,,,TAGTTGAGCATTATG,TAGTTGAGCATTA,1465126,1360704,219251,46,1.42,good,CE0K2ANXX,2
2118397,DAgro20-5209,Agrotis,-,"Charlotte Pass Mt Stillwell 5 dark",muscle,P_ad_hp,EBPCR1+HpaII,E/colleen/20-4-20/001,A6,T/faisal/23-4-20/009,A6,,,GTATAAGATGGCGTG,GTATAAGATGGCG,1465127,1386267,233467,41,2.03,good,CE0K2ANXX,2
2118398,DAgro20-5209,Agrotis,-,"Charlotte Pass Mt Stillwell 6 dark",muscle,P_ad_hp,EBPCR1+HpaII,E/colleen/20-4-20/001,B6,T/faisal/23-4-20/009,B6,,,CCAATGTATACATTG,CCAATGTATACAT,1465128,1401815,239906,41,2.25,good,CE0K2ANXX,2
2118399,DAgro20-5209,Agrotis,-,"Charlotte Pass Mt Stillwell 7 light",muscle,P_ad_hp,EBPCR1+HpaII,E/colleen/20-4-20/001,C6,T/faisal/23-4-20/009,C6,,,CTACTTGCGATTGCA,CTACTTGCGAT,1465129,1373313,237164,44,1.50,good,CE0K2ANXX,2
2118400,DAgro20-5209,Agrotis,-,"Charlotte Pass Mt Stillwell 8 light",muscle,P_ad_hp,EBPCR1+HpaII,E/colleen/20-4-20/001,D6,T/faisal/23-4-20/009,D6,,,ACTGTAGATAGGTTG,ACTGTAGATAGGT,1465130,1351104,233498,42,1.58,good,CE0K2ANXX,2
2118401,DAgro20-5209,Agrotis,-,"Charlotte Pass Mt Stillwell 9 light",muscle,P_ad_hp,EBPCR1+HpaII,E/colleen/20-4-20/001,E6,T/faisal/23-4-20/009,E6,,,AGCGTCAATGCCTGT,AGCGTCAATGCCTG,1465131,1398208,236561,44,2.13,good,CE0K2ANXX,2
2118402,DAgro20-5209,Agrotis,-,"Charlotte Pass Mt Stillwell 10 light",muscle,P_ad_hp,EBPCR1+HpaII,E/colleen/20-4-20/001,F6,T/faisal/23-4-20/009,F6,,,CTAGAACGCCTATGC,CTAGAACGCCTA,1465132,1389086,232237,45,1.83,good,CE0K2ANXX,2
2118403,DAgro20-5209,Agrotis,-,"Upper Little Higginbotham 21Nov 1 large",muscle,P_ad_hp,EBPCR1+HpaII,E/colleen/20-4-20/001,G6,T/faisal/23-4-20/009,G6,,,CGTGATTAGGCTGAT,CGTGATTAGGCTGA,1465133,1334802,236492,43,1.76,good,CE0K2ANXX,2
2118404,DAgro20-5209,Agrotis,-,"Upper Little Higginbotham 21Nov 2",muscle,P_ad_hp,EBPCR1+HpaII,E/colleen/20-4-20/001,H6,T/faisal/23-4-20/009,H6,,,AGAGTGGTATTGCAG,AGAGTGGTAT,1465134,1277535,218488,45,1.97,good,CE0K2ANXX,2
2118405,DAgro20-5209,Agrotis,-,"Upper Little Higginbotham 21Nov 3",muscle,P_ad_hp,EBPCR1+HpaII,E/colleen/20-4-20/001,A7,T/faisal/23-4-20/009,A7,,,CGGTCGTGCCGTGTT,CGGTCGTGCCGTGT,1465135,1206199,219401,42,1.62,good,CE0K2ANXX,2
2118406,DAgro20-5209,Agrotis,-,"Upper Little Higginbotham 21Nov 4",muscle,P_ad_hp,EBPCR1+HpaII,E/colleen/20-4-20/001,B7,T/faisal/23-4-20/009,B7,,,CTAACTCCGTATGCA,CTAACTCCGTA,1465136,1378150,231459,44,1.94,good,CE0K2ANXX,2
2118407,DAgro20-5209,Agrotis,-,"Upper Little Higginbotham 21Nov 5",muscle,P_ad_hp,EBPCR1+HpaII,E/colleen/20-4-20/001,C7,T/faisal/23-4-20/009,C7,,,AGACTGTATACTTGC,AGACTGTATACT,1465137,1373916,245280,41,2.95,good,CE0K2ANXX,2
2118408,DAgro20-5209,Agrotis,-,"Upper Little Higginbotham 21Nov 6",muscle,P_ad_hp,EBPCR1+HpaII,E/colleen/20-4-20/001,D7,T/faisal/23-4-20/009,D7,,,CCTAGTTCGGTTGCA,CCTAGTTCGGT,1465138,1380657,245555,41,1.82,good,CE0K2ANXX,2
2118409,DAgro20-5209,Agrotis,-,"Buller 22Oct 1",muscle,P_ad_hp,EBPCR1+HpaII,E/colleen/20-4-20/001,E7,T/faisal/23-4-20/009,E7,,,CTTAGGAATGTGCAG,CTTAGGAATG,1465139,1394914,232110,45,2.13,good,CE0K2ANXX,2
2118410,DAgro20-5209,Agrotis,-,"Buller 22Oct 2",muscle,P_ad_hp,EBPCR1+HpaII,E/colleen/20-4-20/001,F7,T/faisal/23-4-20/009,F7,,,AGGTTGGCGATGCAG,AGGTTGGCGA,1465140,1348142,219647,45,2.24,good,CE0K2ANXX,2
2118411,DAgro20-5209,Agrotis,-,"Buller 22Oct 3",muscle,P_ad_hp,EBPCR1+HpaII,E/colleen/20-4-20/001,G7,T/faisal/23-4-20/009,G7,,,TCGTCATTGAATGCA,TCGTCATTGAA,1465141,1294390,220750,42,1.45,good,CE0K2ANXX,2
2118412,DAgro20-5209,Agrotis,-,"Buller 22Oct 4",muscle,P_ad_hp,EBPCR1+HpaII,E/colleen/20-4-20/001,H7,T/faisal/23-4-20/009,H7,,,TGGAGGTCAAGCAGT,TGGAGGTCAAGCAG,1465142,1335336,227626,47,2.65,good,CE0K2ANXX,2
2118413,DAgro20-5209,Agrotis,-,"Buller 22Oct 5",muscle,P_ad_hp,EBPCR1+HpaII,E/colleen/20-4-20/001,A8,T/faisal/23-4-20/009,A8,,,AACCACTCAGATTGC,AACCACTCAGAT,1465143,1384757,234060,41,2.01,good,CE0K2ANXX,2
2118414,DAgro20-5209,Agrotis,-,"Buller 22Oct 6",muscle,P_ad_hp,EBPCR1+HpaII,E/colleen/20-4-20/001,B8,T/faisal/23-4-20/009,B8,,,GTGAGCAGAGGTGCA,GTGAGCAGAGG,1465144,1346111,225519,48,2.35,good,CE0K2ANXX,2
2118415,DAgro20-5209,Agrotis,-,"Buller 22Oct 7",muscle,P_ad_hp,EBPCR1+HpaII,E/colleen/20-4-20/001,C8,T/faisal/23-4-20/009,C8,,,GATCTAACATTGCAG,GATCTAACAT,1465145,1312439,222969,45,2.00,good,CE0K2ANXX,2
2118416,DAgro20-5209,Agrotis,-,"Buller 22Oct 8",muscle,P_ad_hp,EBPCR1+HpaII,E/colleen/20-4-20/001,D8,T/faisal/23-4-20/009,D8,,,CACCGCTGTCATTGC,CACCGCTGTCAT,1465146,1400921,234972,46,1.73,good,CE0K2ANXX,2
2118417,DAgro20-5209,Agrotis,-,"Buller 22Oct 9",muscle,P_ad_hp,EBPCR1+HpaII,E/colleen/20-4-20/001,E8,T/faisal/23-4-20/009,E8,,,GCTACTGGAGCATTG,GCTACTGGAGCAT,1465147,1420532,238067,48,2.43,good,CE0K2ANXX,2
2118418,DAgro20-5209,Agrotis,-,"Buller 22Oct 10",muscle,P_ad_hp,EBPCR1+HpaII,E/colleen/20-4-20/001,F8,T/faisal/23-4-20/009,F8,,,GCTCGCTTCATGCAG,GCTCGCTTCA,1465148,1375111,227544,42,2.23,good,CE0K2ANXX,2
2118419,DAgro20-5209,Agrotis,-,"Timms Spur 10Dec 1",muscle,P_ad_hp,EBPCR1+HpaII,E/colleen/20-4-20/001,G8,T/faisal/23-4-20/009,G8,,,CCTGAGTAGCGTGCA,CCTGAGTAGCG,1465149,1326546,232861,39,2.14,good,CE0K2ANXX,2
2118420,DAgro20-5209,Agrotis,-,"Timms Spur 10Dec 2",muscle,P_ad_hp,EBPCR1+HpaII,E/colleen/20-4-20/001,H8,T/faisal/23-4-20/009,H8,,,ACTCTATTCCAAGTG,ACTCTATTCCAAG,1465150,1381115,249552,43,2.55,good,CE0K2ANXX,2
2118421,DAgro20-5209,Agrotis,-,"Timms Spur 10Dec 3",muscle,P_ad_hp,EBPCR1+HpaII,E/colleen/20-4-20/001,A9,T/faisal/23-4-20/009,A9,,,TATTCAGCCTATTGC,TATTCAGCCTAT,1465151,1378674,253191,41,2.00,good,CE0K2ANXX,2
2118422,DAgro20-5209,Agrotis,-,"Timms Spur 10Dec 4",muscle,P_ad_hp,EBPCR1+HpaII,E/colleen/20-4-20/001,B9,T/faisal/23-4-20/009,B9,,,ATGACCGCATTGCAG,ATGACCGCAT,1465152,1399400,264281,39,2.17,good,CE0K2ANXX,2
2118423,DAgro20-5209,Agrotis,-,"Timms Spur 10Dec 5",muscle,P_ad_hp,EBPCR1+HpaII,E/colleen/20-4-20/001,C9,T/faisal/23-4-20/009,C9,,,TGAACTGCACCAAGT,TGAACTGCACCAAG,1465153,1376521,244788,43,1.45,good,CE0K2ANXX,2
2118424,DAgro20-5209,Agrotis,-,"Timms Spur 10Dec 6",muscle,P_ad_hp,EBPCR1+HpaII,E/colleen/20-4-20/001,D9,T/faisal/23-4-20/009,D9,,,GATGTATCGTGTGCA,GATGTATCGTG,1465154,1381753,261553,39,1.58,good,CE0K2ANXX,2
2118425,DAgro20-5209,Agrotis,-,"Timms Spur 10Dec 7",muscle,P_ad_hp,EBPCR1+HpaII,E/colleen/20-4-20/001,E9,T/faisal/23-4-20/009,E9,,,GTGCCACACATTCTT,GTGCCACACATTCT,1465155,1411682,253874,45,1.85,good,CE0K2ANXX,2
2118426,DAgro20-5209,Agrotis,-,"Timms Spur 10Dec 8",muscle,P_ad_hp,EBPCR1+HpaII,E/colleen/20-4-20/001,F9,T/faisal/23-4-20/009,F9,,,GAACCAGCCTTGCAG,GAACCAGCCT,1465156,1425777,254248,41,1.74,good,CE0K2ANXX,2
2118427,DAgro20-5209,Agrotis,-,"Timms Spur Oct Technical rep2 leg 1",muscle,P_ad_hp,EBPCR1+HpaII,E/colleen/20-4-20/001,G9,T/faisal/23-4-20/009,G9,,,AACTCTGCTAATGCA,AACTCTGCTAA,1465157,1425038,231375,42,2.50,good,CE0K2ANXX,2
2118428,DAgro20-5209,Agrotis,-,"Island Bend 1",muscle,P_ad_hp,EBPCR1+HpaII,E/colleen/20-4-20/001,H9,T/faisal/23-4-20/009,H9,,,CTTGGACGTAGGCTT,CTTGGACGTAGGCT,1465158,1385535,236840,42,2.40,good,CE0K2ANXX,2
2118429,DAgro20-5209,Agrotis,-,"Island Bend 2",muscle,P_ad_hp,EBPCR1+HpaII,E/colleen/20-4-20/001,A10,T/faisal/23-4-20/009,A10,,,GCTTGACCAAGTGCA,GCTTGACCAAG,1465159,1331463,236982,41,1.70,good,CE0K2ANXX,2
2118430,DAgro20-5209,Agrotis,-,"Island Bend 3",muscle,P_ad_hp,EBPCR1+HpaII,E/colleen/20-4-20/001,B10,T/faisal/23-4-20/009,B10,,,TGGAAGGCACTCGTG,TGGAAGGCACTCG,1465160,1333144,233652,39,1.58,good,CE0K2ANXX,2
2118431,DAgro20-5209,Agrotis,-,"Island Bend 4 check very dark",muscle,P_ad_hp,EBPCR1+HpaII,E/colleen/20-4-20/001,C10,T/faisal/23-4-20/009,C10,,,GCGTCGTTATTGCAG,GCGTCGTTAT,1465161,1281785,220008,44,2.12,good,CE0K2ANXX,2
2118432,DAgro20-5209,Agrotis,-,"Island Bend 5",muscle,P_ad_hp,EBPCR1+HpaII,E/colleen/20-4-20/001,D10,T/faisal/23-4-20/009,D10,,,TCATACCAACAACGT,TCATACCAACAACG,1465162,1426377,238301,46,2.38,good,CE0K2ANXX,2
2118433,DAgro20-5209,Agrotis,-,"Island Bend 6",muscle,P_ad_hp,EBPCR1+HpaII,E/colleen/20-4-20/001,E10,T/faisal/23-4-20/009,E10,,,ATCGTCTGCTGTTGC,ATCGTCTGCTGT,1465163,1413680,251944,33,1.63,good,CE0K2ANXX,2
2118434,DAgro20-5209,Agrotis,-,"Camels Hump 1",muscle,P_ad_hp,EBPCR1+HpaII,E/colleen/20-4-20/001,F10,T/faisal/23-4-20/009,F10,,,TGCAAGTGGTTGCAG,TGCAAGTGGT,1465164,1378506,228544,42,1.93,good,CE0K2ANXX,2
2118435,DAgro20-5209,Agrotis,-,"Camels Hump 2",muscle,P_ad_hp,EBPCR1+HpaII,E/colleen/20-4-20/001,G10,T/faisal/23-4-20/009,G10,,,GTATGGAAGTGTAAT,GTATGGAAGTGTAA,1465165,1320890,216980,41,1.88,good,CE0K2ANXX,2
2118436,DAgro20-5209,Agrotis,-,"Camels Hump 3",muscle,P_ad_hp,EBPCR1+HpaII,E/colleen/20-4-20/001,H10,T/faisal/23-4-20/009,H10,,,GAGCATAAGCCATTG,GAGCATAAGCCAT,1465166,1348886,231893,37,1.75,good,CE0K2ANXX,2
2118437,DAgro20-5209,Agrotis,-,"Mt Macedon 1",muscle,P_ad_hp,EBPCR1+HpaII,E/colleen/20-4-20/001,A11,T/faisal/23-4-20/009,A11,,,AGTTACGCTATGTGC,AGTTACGCTATG,1465167,1352760,231124,44,1.45,good,CE0K2ANXX,2
2118438,DAgro20-5209,Agrotis,-,"Mt Macedon 2",muscle,P_ad_hp,EBPCR1+HpaII,E/colleen/20-4-20/001,B11,T/faisal/23-4-20/009,B11,,,GCCTAAGTCTCGGTT,GCCTAAGTCTCGGT,1465168,1391956,233679,44,1.89,good,CE0K2ANXX,2
2118439,DAgro20-5209,Agrotis,-,"Yarrangobilly hill 1 light",muscle,P_ad_hp,EBPCR1+HpaII,E/colleen/20-4-20/001,C11,T/faisal/23-4-20/009,C11,,,ATCTCTTGCAGATGC,ATCTCTTGCAGA,1465169,1334728,230264,39,1.38,good,CE0K2ANXX,2
2118440,DAgro20-5209,Agrotis,-,"Yarrangobilly hill 2 light",muscle,P_ad_hp,EBPCR1+HpaII,E/colleen/20-4-20/001,D11,T/faisal/23-4-20/009,D11,,,TGGATTGATTATGCA,TGGATTGATTA,1465170,1318218,219522,43,1.99,good,CE0K2ANXX,2
2118441,DAgro20-5209,Agrotis,-,"Yarrangobilly hill 3 light",muscle,P_ad_hp,EBPCR1+HpaII,E/colleen/20-4-20/001,E11,T/faisal/23-4-20/009,E11,,,AACACACTCCATGCA,AACACACTCCA,1465171,1380159,228887,37,1.71,good,CE0K2ANXX,2
2118442,DAgro20-5209,Agrotis,-,"Yarrangobilly hill 4 light",muscle,P_ad_hp,EBPCR1+HpaII,E/colleen/20-4-20/001,F11,T/faisal/23-4-20/009,F11,,,TACATTACGCTTGCA,TACATTACGCT,1465172,1399922,233930,44,2.37,good,CE0K2ANXX,2
2118443,DAgro20-5209,Agrotis,-,"Yarrangobilly hill 5 light",muscle,P_ad_hp,EBPCR1+HpaII,E/colleen/20-4-20/001,G11,T/faisal/23-4-20/009,G11,,,CATACGGCAGGCGTG,CATACGGCAGGCG,1465173,1347017,228507,46,2.27,good,CE0K2ANXX,2
2118444,DAgro20-5209,Agrotis,-,"Yarrangobilly hill 6 light",muscle,P_ad_hp,EBPCR1+HpaII,E/colleen/20-4-20/001,H11,T/faisal/23-4-20/009,H11,,,CCAGAACCGTTATTG,CCAGAACCGTTAT,1465174,1376621,232071,43,2.00,good,CE0K2ANXX,2
2118445,DAgro20-5209,Agrotis,-,"Yarrangobilly hill 7 light",muscle,P_ad_hp,EBPCR1+HpaII,E/colleen/20-4-20/001,A12,T/faisal/23-4-20/009,A12,,,CGTTGAGTATCGCTT,CGTTGAGTATCGCT,1465175,1379955,236104,42,1.84,good,CE0K2ANXX,2
2118446,DAgro20-5209,Agrotis,-,"Yarrangobilly hill light Technical rep 3 leg 1",muscle,P_ad_hp,EBPCR1+HpaII,E/colleen/20-4-20/001,B12,T/faisal/23-4-20/009,B12,,,GCATTCCGCGTAGGT,GCATTCCGCGTAGG,1465176,1361421,230562,46,2.08,good,CE0K2ANXX,2
2118447,DAgro20-5209,Agrotis,-,"Charlotte Pass Technical rep type 2 sample 1 leg 1",muscle,P_ad_hp,EBPCR1+HpaII,E/colleen/20-4-20/001,C12,T/faisal/23-4-20/009,C12,,,TACCATGGAATAGTT,TACCATGGAATAGT,1465177,1334060,226211,44,1.66,good,CE0K2ANXX,2
2118448,DAgro20-5209,Agrotis,-,"Charlotte Pass Technical rep type 2 sample 1 leg 2",muscle,P_ad_hp,EBPCR1+HpaII,E/colleen/20-4-20/001,D12,T/faisal/23-4-20/009,D12,,,CAGCAAGGCTTCATG,CAGCAAGGCTTCA,1465178,1425746,238078,44,1.67,good,CE0K2ANXX,2
2118449,DAgro20-5209,Agrotis,-,"Charlotte Pass Technical rep type 2 sample 2 leg 1",muscle,P_ad_hp,EBPCR1+HpaII,E/colleen/20-4-20/001,E12,T/faisal/23-4-20/009,E12,,,AACAATAGACGTGCA,AACAATAGACG,1465179,1435769,239411,40,1.75,good,CE0K2ANXX,2
2118450,DAgro20-5209,Agrotis,-,"Charlotte Pass Technical rep type 2 sample 2 leg 2",muscle,P_ad_hp,EBPCR1+HpaII,E/colleen/20-4-20/001,F12,T/faisal/23-4-20/009,F12,,,AGCGGTAGCAATGCA,AGCGGTAGCAA,1465180,1422923,231486,41,1.82,good,CE0K2ANXX,2
